funnel_stage,users,previous_stage_users,dropoff_users,dropoff_rate_%,conversion_from_start_%
page_view,3000,,,0.0,100.0
view_item,2078,3000.0,922.0,30.733333333333334,69.26666666666667
add_to_cart,962,2078.0,1116.0,53.70548604427334,32.06666666666666
begin_checkout,522,962.0,440.0,45.73804573804574,17.4
purchase,304,522.0,218.0,41.7624521072797,10.133333333333333
