country,users,purchases,revenue,conversion_rate_%
Canada,508,49,1922.3900000000003,9.645669291338582
Germany,534,45,1773.2500000000002,8.426966292134832
Nigeria,471,42,1583.18,8.9171974522293
Poland,478,42,1582.3199999999997,8.786610878661087
United Kingdom,516,63,2364.9100000000008,12.209302325581394
United States,493,63,2500.64,12.778904665314403
