device_category,users,purchases,conversion_rate_%
desktop,1357,129,9.506263817243921
mobile,1337,145,10.845175766641734
tablet,306,30,9.803921568627452
